id_intervenant,nom,prenom,telephone,email,annee_scolaire,disponibilite,id_statut
1,Faure,Louise,+33 6 83 47 01 74,louise.faure1@telecomnancy.example,Télécom Nancy - 2A,indisponible,2
2,Richard,Thomas,+33 7 38 40 19 16,thomas.richard2@telecomnancy.example,Télécom Nancy - 1A,indisponible,2
3,Robert,Noah,+33 6 33 07 66 61,noah.robert3@telecomnancy.example,Télécom Nancy - 3A,disponible,4
4,Renaud,Nina,+33 6 45 06 12 31,nina.renaud4@telecomnancy.example,Télécom Nancy - 1A,disponible,1
5,Blanc,Julien,+33 6 78 32 66 16,julien.blanc5@telecomnancy.example,Télécom Nancy - 2A,indisponible,1
6,Morel,Lucas,+33 7 03 26 99 10,lucas.morel6@telecomnancy.example,Télécom Nancy - 1A,disponible,3
7,Martin,Camille,+33 7 46 11 13 93,camille.martin7@telecomnancy.example,Télécom Nancy - 1A,disponible,2
8,Garcia,Anaïs,+33 7 92 62 24 39,anaïs.garcia8@telecomnancy.example,Télécom Nancy - 1A,disponible,1
9,Lemaire,Léo,+33 6 67 91 60 11,léo.lemaire9@telecomnancy.example,Télécom Nancy - 1A,disponible,2
10,David,Camille,+33 7 46 97 48 21,camille.david10@telecomnancy.example,Télécom Nancy - 1A,disponible,2
11,Robin,Julie,+33 6 43 30 14 67,julie.robin11@telecomnancy.example,Télécom Nancy - 1A,disponible,3
12,Fournier,Ethan,+33 6 15 27 58 92,ethan.fournier12@telecomnancy.example,Télécom Nancy - 3A,disponible,1
13,Mercier,Hugo,+33 7 00 91 71 45,hugo.mercier13@telecomnancy.example,Télécom Nancy - 1A,indisponible,3
14,Faure,Arthur,+33 6 25 51 71 60,arthur.faure14@telecomnancy.example,Télécom Nancy - 2A,disponible,1
15,Caron,Charlotte,+33 6 91 11 14 65,charlotte.caron15@telecomnancy.example,Télécom Nancy - 2A,indisponible,1
16,Legrand,Noémie,+33 7 81 88 04 91,noémie.legrand16@telecomnancy.example,Télécom Nancy - 2A,disponible,1
17,Dubois,Noémie,+33 7 40 54 29 38,noémie.dubois17@telecomnancy.example,Télécom Nancy - 1A,indisponible,1
18,Caron,Sarah,+33 7 35 64 36 33,sarah.caron18@telecomnancy.example,Télécom Nancy - 2A,disponible,3
19,Leroy,Louise,+33 7 50 14 21 77,louise.leroy19@telecomnancy.example,Télécom Nancy - 2A,indisponible,1
20,Muller,Thomas,+33 7 59 75 10 49,thomas.muller20@telecomnancy.example,Télécom Nancy - 1A,disponible,1
21,Francois,Zoé,+33 6 26 73 04 32,zoé.francois21@telecomnancy.example,Télécom Nancy - 1A,indisponible,1
22,Faure,Nathan,+33 7 13 37 42 07,nathan.faure22@telecomnancy.example,Télécom Nancy - 3A,disponible,1
23,Roux,Ethan,+33 7 88 89 26 31,ethan.roux23@telecomnancy.example,Télécom Nancy - 2A,indisponible,1
24,Rousseau,Sacha,+33 7 30 68 98 57,sacha.rousseau24@telecomnancy.example,Télécom Nancy - 2A,disponible,1
25,Durand,Léa,+33 6 33 61 48 54,léa.durand25@telecomnancy.example,Télécom Nancy - 3A,indisponible,2
26,Guerin,Clara,+33 7 58 64 70 31,clara.guerin26@telecomnancy.example,Télécom Nancy - 2A,indisponible,1
27,Garnier,Ethan,+33 6 72 88 77 91,ethan.garnier27@telecomnancy.example,Télécom Nancy - 1A,disponible,1
28,Fournier,Julie,+33 6 88 84 46 93,julie.fournier28@telecomnancy.example,Télécom Nancy - 2A,indisponible,2
29,Boyer,Marine,+33 7 36 81 80 96,marine.boyer29@telecomnancy.example,Télécom Nancy - 1A,disponible,1
30,Boyer,Jules,+33 6 71 21 87 66,jules.boyer30@telecomnancy.example,Télécom Nancy - 2A,disponible,3
31,Moreau,Adrien,+33 7 85 13 69 04,adrien.moreau31@telecomnancy.example,Télécom Nancy - 1A,disponible,1
32,Thomas,Hugo,+33 6 04 55 39 71,hugo.thomas32@telecomnancy.example,Télécom Nancy - 2A,disponible,1
33,Guerin,Nathan,+33 6 86 06 68 92,nathan.guerin33@telecomnancy.example,Télécom Nancy - 3A,disponible,2
34,Garnier,Lucie,+33 6 89 92 35 25,lucie.garnier34@telecomnancy.example,Télécom Nancy - 3A,disponible,2
35,Leroy,Emma,+33 6 12 32 14 61,emma.leroy35@telecomnancy.example,Télécom Nancy - 2A,indisponible,2
36,Garnier,Enzo,+33 6 36 01 39 55,enzo.garnier36@telecomnancy.example,Télécom Nancy - 1A,disponible,2
37,Noël,Lucie,+33 6 17 10 08 98,lucie.noël37@telecomnancy.example,Télécom Nancy - 3A,disponible,1
38,Michel,Emma,+33 6 24 19 02 71,emma.michel38@telecomnancy.example,Télécom Nancy - 1A,disponible,1
39,Lefèvre,Antoine,+33 7 39 50 03 26,antoine.lefèvre39@telecomnancy.example,Télécom Nancy - 2A,disponible,1
40,Vincent,Anaïs,+33 6 18 05 16 99,anaïs.vincent40@telecomnancy.example,Télécom Nancy - 1A,disponible,3
41,Noël,Sarah,+33 6 26 25 85 62,sarah.noël41@telecomnancy.example,Télécom Nancy - 2A,disponible,1
42,Robert,Ethan,+33 7 71 05 90 34,ethan.robert42@telecomnancy.example,Télécom Nancy - 3A,disponible,2
43,Caron,Léa,+33 6 81 68 73 16,léa.caron43@telecomnancy.example,Télécom Nancy - 3A,disponible,1
44,Durand,Charlotte,+33 7 76 80 36 01,charlotte.durand44@telecomnancy.example,Télécom Nancy - 2A,disponible,2
45,Chevalier,Sarah,+33 7 89 17 18 90,sarah.chevalier45@telecomnancy.example,Télécom Nancy - 2A,indisponible,1
46,Rousseau,Léo,+33 6 78 99 06 76,léo.rousseau46@telecomnancy.example,Télécom Nancy - 2A,disponible,1
47,Girard,Amandine,+33 7 74 84 40 03,amandine.girard47@telecomnancy.example,Télécom Nancy - 3A,disponible,1
48,Muller,Léo,+33 7 05 60 95 13,léo.muller48@telecomnancy.example,Télécom Nancy - 2A,disponible,2
49,Noël,Camille,+33 6 72 39 10 96,camille.noël49@telecomnancy.example,Télécom Nancy - 2A,disponible,1
50,Petit,Victor,+33 6 15 72 67 94,victor.petit50@telecomnancy.example,Télécom Nancy - 3A,disponible,1
51,Fontaine,Enzo,+33 6 42 37 18 48,enzo.fontaine51@telecomnancy.example,Télécom Nancy - 3A,indisponible,2
52,Morel,Zoé,+33 6 43 33 83 00,zoé.morel52@telecomnancy.example,Télécom Nancy - 1A,disponible,2
53,Bernard,Théo,+33 6 38 41 12 83,théo.bernard53@telecomnancy.example,Télécom Nancy - 3A,indisponible,2
54,Mercier,Baptiste,+33 7 57 21 17 93,baptiste.mercier54@telecomnancy.example,Télécom Nancy - 2A,disponible,1
55,Rousseau,Camille,+33 7 29 54 82 65,camille.rousseau55@telecomnancy.example,Télécom Nancy - 3A,disponible,2
56,Richard,Louise,+33 7 99 77 40 14,louise.richard56@telecomnancy.example,Télécom Nancy - 1A,indisponible,1
57,Richard,Amandine,+33 7 54 23 55 51,amandine.richard57@telecomnancy.example,Télécom Nancy - 2A,disponible,2
58,Gauthier,Pauline,+33 7 78 47 53 68,pauline.gauthier58@telecomnancy.example,Télécom Nancy - 1A,disponible,3
59,Fontaine,Thomas,+33 7 96 39 56 82,thomas.fontaine59@telecomnancy.example,Télécom Nancy - 3A,disponible,1
60,Richard,Ethan,+33 7 03 80 82 94,ethan.richard60@telecomnancy.example,Télécom Nancy - 1A,disponible,2
61,Lefèvre,Julien,+33 7 81 51 41 51,julien.lefèvre61@telecomnancy.example,Télécom Nancy - 1A,disponible,1
62,Durand,Paul,+33 7 33 78 57 65,paul.durand62@telecomnancy.example,Télécom Nancy - 2A,indisponible,2
63,Renaud,Sarah,+33 7 81 90 65 06,sarah.renaud63@telecomnancy.example,Télécom Nancy - 1A,indisponible,1
64,Perrin,Marine,+33 7 01 66 23 26,marine.perrin64@telecomnancy.example,Télécom Nancy - 3A,disponible,1
65,Rousseau,Léa,+33 7 40 74 14 22,léa.rousseau65@telecomnancy.example,Télécom Nancy - 1A,indisponible,1
66,Legrand,Hugo,+33 6 51 32 53 93,hugo.legrand66@telecomnancy.example,Télécom Nancy - 3A,disponible,1
67,Guerin,Amandine,+33 6 46 24 88 74,amandine.guerin67@telecomnancy.example,Télécom Nancy - 2A,indisponible,1
68,Caron,Sarah,+33 6 73 60 32 68,sarah.caron68@telecomnancy.example,Télécom Nancy - 3A,indisponible,1
69,Petit,Maéva,+33 6 07 57 36 92,maéva.petit69@telecomnancy.example,Télécom Nancy - 2A,disponible,2
70,Laurent,Louise,+33 6 94 88 02 92,louise.laurent70@telecomnancy.example,Télécom Nancy - 1A,disponible,1
71,Laurent,Nicolas,+33 6 54 98 17 71,nicolas.laurent71@telecomnancy.example,Télécom Nancy - 3A,disponible,2
72,Guerin,Nicolas,+33 6 63 17 30 86,nicolas.guerin72@telecomnancy.example,Télécom Nancy - 3A,disponible,1
73,Girard,Thomas,+33 7 18 47 15 12,thomas.girard73@telecomnancy.example,Télécom Nancy - 1A,disponible,1
74,André,Valentine,+33 6 70 67 34 91,valentine.andré74@telecomnancy.example,Télécom Nancy - 2A,indisponible,2
75,Meunier,Nicolas,+33 6 46 84 56 81,nicolas.meunier75@telecomnancy.example,Télécom Nancy - 2A,disponible,1
76,Meunier,Noah,+33 7 49 75 76 11,noah.meunier76@telecomnancy.example,Télécom Nancy - 1A,disponible,1
77,Renaud,Tom,+33 6 23 60 79 11,tom.renaud77@telecomnancy.example,Télécom Nancy - 1A,disponible,2
78,Lefèvre,Nathan,+33 6 56 82 32 67,nathan.lefèvre78@telecomnancy.example,Télécom Nancy - 2A,indisponible,1
79,Martin,Charlotte,+33 7 39 80 45 35,charlotte.martin79@telecomnancy.example,Télécom Nancy - 2A,disponible,2
80,Chevalier,Raphaël,+33 7 41 92 48 48,raphaël.chevalier80@telecomnancy.example,Télécom Nancy - 1A,disponible,1
81,Guerin,Alexandre,+33 6 83 90 31 23,alexandre.guerin81@telecomnancy.example,Télécom Nancy - 2A,disponible,1
82,Dupont,Noémie,+33 7 47 17 23 98,noémie.dupont82@telecomnancy.example,Télécom Nancy - 3A,disponible,1
83,Bertrand,Julie,+33 7 92 10 45 39,julie.bertrand83@telecomnancy.example,Télécom Nancy - 2A,indisponible,1
84,Gauthier,Ethan,+33 6 70 62 24 69,ethan.gauthier84@telecomnancy.example,Télécom Nancy - 3A,disponible,1
85,Bernard,Clément,+33 7 70 28 61 96,clément.bernard85@telecomnancy.example,Télécom Nancy - 1A,disponible,1
86,Bertrand,Tom,+33 7 00 26 79 17,tom.bertrand86@telecomnancy.example,Télécom Nancy - 2A,disponible,1
87,Marchand,Charlotte,+33 7 47 76 61 91,charlotte.marchand87@telecomnancy.example,Télécom Nancy - 3A,disponible,2
88,Lefèvre,Romain,+33 6 50 49 66 95,romain.lefèvre88@telecomnancy.example,Télécom Nancy - 2A,indisponible,1
89,David,Arthur,+33 7 38 60 71 83,arthur.david89@telecomnancy.example,Télécom Nancy - 3A,disponible,1
90,David,Mathis,+33 7 86 92 36 91,mathis.david90@telecomnancy.example,Télécom Nancy - 1A,disponible,3
91,Moreau,Maéva,+33 7 04 34 05 21,maéva.moreau91@telecomnancy.example,Télécom Nancy - 2A,indisponible,1
92,Boyer,Kevin,+33 7 93 04 07 54,kevin.boyer92@telecomnancy.example,Télécom Nancy - 2A,disponible,1
93,Colin,Nina,+33 6 34 03 55 70,nina.colin93@telecomnancy.example,Télécom Nancy - 1A,disponible,1
94,Chevalier,Noémie,+33 6 30 14 54 62,noémie.chevalier94@telecomnancy.example,Télécom Nancy - 2A,disponible,1
95,Faure,Nina,+33 6 34 13 42 38,nina.faure95@telecomnancy.example,Télécom Nancy - 3A,disponible,1
96,Fontaine,Zoé,+33 6 98 34 23 42,zoé.fontaine96@telecomnancy.example,Télécom Nancy - 3A,disponible,2
97,Robert,Antoine,+33 6 80 09 94 84,antoine.robert97@telecomnancy.example,Télécom Nancy - 2A,indisponible,1
98,Simon,Gabriel,+33 6 32 48 02 20,gabriel.simon98@telecomnancy.example,Télécom Nancy - 3A,disponible,1
99,Legrand,Clément,+33 7 02 18 55 70,clément.legrand99@telecomnancy.example,Télécom Nancy - 3A,disponible,1
100,Perrin,Kevin,+33 6 92 19 63 78,kevin.perrin100@telecomnancy.example,Télécom Nancy - 2A,indisponible,2
101,Meunier,Maéva,+33 7 83 99 74 03,maéva.meunier101@telecomnancy.example,Télécom Nancy - 3A,indisponible,1
102,Francois,Louis,+33 6 52 90 97 68,louis.francois102@telecomnancy.example,Télécom Nancy - 2A,disponible,1
103,Bernard,Nicolas,+33 6 98 93 92 04,nicolas.bernard103@telecomnancy.example,Télécom Nancy - 2A,disponible,1
104,Garcia,Louise,+33 7 97 18 26 43,louise.garcia104@telecomnancy.example,Télécom Nancy - 1A,disponible,2
105,Gauthier,Margaux,+33 6 56 75 30 27,margaux.gauthier105@telecomnancy.example,Télécom Nancy - 3A,indisponible,2
106,Lemaire,Paul,+33 6 03 68 21 68,paul.lemaire106@telecomnancy.example,Télécom Nancy - 2A,disponible,1
107,Thomas,Arthur,+33 6 44 18 36 71,arthur.thomas107@telecomnancy.example,Télécom Nancy - 1A,disponible,2
108,Garcia,Sarah,+33 6 69 05 99 27,sarah.garcia108@telecomnancy.example,Télécom Nancy - 2A,indisponible,1
109,Rousseau,Léa,+33 6 36 53 28 27,léa.rousseau109@telecomnancy.example,Télécom Nancy - 1A,disponible,1
110,André,Amandine,+33 7 77 27 38 66,amandine.andré110@telecomnancy.example,Télécom Nancy - 1A,disponible,2
111,Fontaine,Zoé,+33 6 82 48 69 34,zoé.fontaine111@telecomnancy.example,Télécom Nancy - 1A,disponible,3
112,Meunier,Paul,+33 7 23 10 56 71,paul.meunier112@telecomnancy.example,Télécom Nancy - 2A,disponible,3
113,Boyer,Nina,+33 7 69 37 03 28,nina.boyer113@telecomnancy.example,Télécom Nancy - 3A,disponible,2
114,Girard,Léa,+33 7 82 88 45 76,léa.girard114@telecomnancy.example,Télécom Nancy - 1A,indisponible,1
115,Morel,Thomas,+33 7 62 68 53 14,thomas.morel115@telecomnancy.example,Télécom Nancy - 2A,disponible,1
116,Moreau,Léa,+33 6 79 04 13 85,léa.moreau116@telecomnancy.example,Télécom Nancy - 3A,disponible,1
117,Fontaine,Nina,+33 7 16 16 70 76,nina.fontaine117@telecomnancy.example,Télécom Nancy - 2A,disponible,1
118,Morel,Maël,+33 7 37 25 38 15,maël.morel118@telecomnancy.example,Télécom Nancy - 2A,indisponible,1
119,Legrand,Baptiste,+33 7 06 15 16 40,baptiste.legrand119@telecomnancy.example,Télécom Nancy - 2A,disponible,1
120,Girard,Marie,+33 7 41 00 55 59,marie.girard120@telecomnancy.example,Télécom Nancy - 2A,disponible,1
121,Michel,Margaux,+33 7 95 50 93 10,margaux.michel121@telecomnancy.example,Télécom Nancy - 3A,disponible,2
122,Muller,Charlotte,+33 6 77 66 02 84,charlotte.muller122@telecomnancy.example,Télécom Nancy - 2A,disponible,1
123,Bernard,Baptiste,+33 6 43 43 38 08,baptiste.bernard123@telecomnancy.example,Télécom Nancy - 2A,disponible,1
124,Blanc,Julie,+33 6 98 54 51 05,julie.blanc124@telecomnancy.example,Télécom Nancy - 3A,disponible,2
125,Renaud,Mathis,+33 6 22 59 79 45,mathis.renaud125@telecomnancy.example,Télécom Nancy - 2A,disponible,1
126,Caron,Émile,+33 6 35 52 82 11,émile.caron126@telecomnancy.example,Télécom Nancy - 1A,indisponible,1
127,Dubois,Jade,+33 7 02 96 70 54,jade.dubois127@telecomnancy.example,Télécom Nancy - 2A,disponible,2
128,Marchand,Maéva,+33 7 55 25 39 29,maéva.marchand128@telecomnancy.example,Télécom Nancy - 2A,disponible,1
129,Garcia,Tom,+33 7 22 36 94 32,tom.garcia129@telecomnancy.example,Télécom Nancy - 1A,disponible,2
130,Bourgeois,Noémie,+33 6 44 64 66 20,noémie.bourgeois130@telecomnancy.example,Télécom Nancy - 1A,disponible,5
131,Thomas,Nathan,+33 7 81 65 08 72,nathan.thomas131@telecomnancy.example,Télécom Nancy - 2A,disponible,1
132,Robin,Maxime,+33 7 96 29 63 84,maxime.robin132@telecomnancy.example,Télécom Nancy - 1A,disponible,1
133,Durand,Thomas,+33 7 76 12 50 49,thomas.durand133@telecomnancy.example,Télécom Nancy - 3A,disponible,2
134,Vincent,Lucie,+33 6 17 35 84 80,lucie.vincent134@telecomnancy.example,Télécom Nancy - 1A,disponible,1
135,Girard,Clément,+33 6 25 72 36 70,clément.girard135@telecomnancy.example,Télécom Nancy - 2A,disponible,2
136,Vincent,Julie,+33 6 89 94 43 43,julie.vincent136@telecomnancy.example,Télécom Nancy - 2A,disponible,2
137,Petit,Sacha,+33 6 28 11 45 08,sacha.petit137@telecomnancy.example,Télécom Nancy - 2A,disponible,1
138,Martin,Antoine,+33 6 50 84 37 64,antoine.martin138@telecomnancy.example,Télécom Nancy - 3A,indisponible,3
139,Colin,Nina,+33 7 66 49 00 92,nina.colin139@telecomnancy.example,Télécom Nancy - 1A,disponible,1
140,Fontaine,Sacha,+33 7 57 54 41 59,sacha.fontaine140@telecomnancy.example,Télécom Nancy - 1A,disponible,1
